datetime,timestamp,open,high,low,close,volume
2021-01-01 00:00:00,1609459200,0.01622,0.01622,0.01622,0.01622,0.0
2021-01-02 00:00:00,1609545600,0.009404,0.01031,0.006763,0.009661,41.07
2021-01-03 00:00:00,1609632000,0.01622,0.01622,0.01622,0.01622,0.0
2021-01-04 00:00:00,1609718400,0.009919,0.009609,0.009609,0.009609,0.009489
2021-01-05 00:00:00,1609804800,0.01622,0.01622,0.01622,0.01622,0.0
2021-01-06 00:00:00,1609891200,0.01021,0.01105,0.008107,0.008107,6.121
2021-01-07 00:00:00,1609977600,0.01278,0.01299,0.01294,0.01294,1.304
2021-01-08 00:00:00,1610064000,0.008685,0.009346,0.00894,0.00894,13.53
2021-01-09 00:00:00,1610150400,0.01622,0.01622,0.01622,0.01622,0.0
2021-01-10 00:00:00,1610236800,0.008852,0.009551,0.008404,0.009551,17.22
2021-01-11 00:00:00,1610323200,0.01326,0.01149,0.007836,0.007836,0.1465
2021-01-12 00:00:00,1610409600,0.008874,0.008515,0.007833,0.007833,4.043
2021-01-13 00:00:00,1610496000,0.007833,0.008598,0.006355,0.006355,3.846
2021-01-14 00:00:00,1610582400,0.006355,0.006656,0.006656,0.006656,12.75
2021-01-15 00:00:00,1610668800,0.01622,0.01622,0.01622,0.01622,0.0
2021-01-16 00:00:00,1610755200,0.01622,0.01622,0.01622,0.01622,0.0
2021-01-17 00:00:00,1610841600,0.006124,0.009677,0.006093,0.009677,3.667
2021-01-18 00:00:00,1610928000,0.01622,0.01622,0.01622,0.01622,0.0
2021-01-19 00:00:00,1611014400,0.01622,0.01622,0.01622,0.01622,0.0
2021-01-20 00:00:00,1611100800,0.01622,0.01622,0.01622,0.01622,0.0
2021-01-21 00:00:00,1611187200,0.01622,0.01622,0.01622,0.01622,0.0
2021-01-22 00:00:00,1611273600,0.01622,0.01622,0.01622,0.01622,0.3893
2021-01-23 00:00:00,1611360000,0.008912,0.008669,0.006421,0.006743,16.18
2021-01-24 00:00:00,1611446400,0.006743,0.00678,0.005488,0.005488,4.275
2021-01-25 00:00:00,1611532800,0.01622,0.01685,0.01622,0.01685,15.39
2021-01-26 00:00:00,1611619200,0.009493,0.009851,0.009838,0.009838,0.3238
2021-01-27 00:00:00,1611705600,0.005528,0.006389,0.005172,0.006389,8.116
2021-01-28 00:00:00,1611792000,0.01685,0.01685,0.01685,0.01685,0.0
2021-01-29 00:00:00,1611878400,0.01685,0.01685,0.01685,0.01685,0.0
2021-01-30 00:00:00,1611964800,0.01685,0.01685,0.006157,0.006157,1.94
2021-01-31 00:00:00,1612051200,0.006157,0.006157,0.006157,0.006157,0.0
2021-02-01 00:00:00,1612137600,0.01061,0.01073,0.01073,0.01073,15.62
2021-02-02 00:00:00,1612224000,0.006157,0.006157,0.006157,0.006157,0.0
2021-02-03 00:00:00,1612310400,0.006157,0.006157,0.006157,0.006157,0.0
2021-02-04 00:00:00,1612396800,0.01206,0.01183,0.005548,0.005548,4.234
2021-02-05 00:00:00,1612483200,0.005548,0.005747,0.004597,0.004597,4.048
2021-02-06 00:00:00,1612569600,0.006157,0.006157,0.006157,0.006157,0.0
2021-02-07 00:00:00,1612656000,0.006157,0.012,0.006157,0.012,0.7835
2021-02-08 00:00:00,1612742400,0.012,0.012,0.012,0.012,0.0
2021-02-09 00:00:00,1612828800,0.01404,0.01419,0.0009037,0.0009037,0.2112
2021-02-10 00:00:00,1612915200,0.012,0.012,0.012,0.012,0.0
2021-02-11 00:00:00,1613001600,0.012,0.012,0.012,0.012,0.0
2021-02-12 00:00:00,1613088000,0.012,0.012,0.012,0.012,0.0
2021-02-13 00:00:00,1613174400,0.012,0.012,0.012,0.012,0.0
2021-02-14 00:00:00,1613260800,0.012,0.012,0.012,0.012,0.0
2021-02-15 00:00:00,1613347200,0.012,0.012,0.012,0.012,0.0
2021-02-16 00:00:00,1613433600,0.005752,0.02066,0.005902,0.02066,7.034
2021-02-17 00:00:00,1613520000,0.02066,0.02243,0.02191,0.02243,5.737
2021-02-18 00:00:00,1613606400,0.012,0.012,0.012,0.012,7.593
2021-02-19 00:00:00,1613692800,0.012,0.012,0.012,0.012,0.0
2021-02-20 00:00:00,1613779200,0.012,0.012,0.012,0.012,0.0
2021-02-21 00:00:00,1613865600,0.012,0.012,0.012,0.012,2.753
2021-02-22 00:00:00,1613952000,0.012,0.012,0.012,0.012,0.0
2021-02-23 00:00:00,1614038400,0.012,0.012,0.012,0.012,0.0
2021-02-24 00:00:00,1614124800,0.009291,0.01741,0.00945,0.01741,113.83
2021-02-25 00:00:00,1614211200,0.012,0.012,0.012,0.012,0.0
2021-02-26 00:00:00,1614297600,0.012,0.012,0.012,0.012,21.23
2021-02-27 00:00:00,1614384000,0.012,0.01708,0.012,0.01708,2.983
2021-02-28 00:00:00,1614470400,0.01708,0.01708,0.012,0.012,1.429
2021-03-01 00:00:00,1614556800,0.012,0.012,0.012,0.012,0.0
2021-03-02 00:00:00,1614643200,0.01737,0.01698,0.01067,0.01067,5.049
2021-03-03 00:00:00,1614729600,0.012,0.012,0.012,0.012,0.0
2021-03-04 00:00:00,1614816000,0.012,0.012,0.012,0.012,0.0
2021-03-05 00:00:00,1614902400,0.01064,0.01073,0.01024,0.01024,13.32
2021-03-06 00:00:00,1614988800,0.012,0.015,0.012,0.015,3.431
2021-03-07 00:00:00,1615075200,0.015,0.015,0.015,0.015,0.0
2021-03-08 00:00:00,1615161600,0.015,0.015,0.015,0.015,0.0
2021-03-09 00:00:00,1615248000,0.01782,0.01868,0.01154,0.01154,11.54
2021-03-10 00:00:00,1615334400,0.01154,0.01174,0.01174,0.01174,90.29
2021-03-11 00:00:00,1615420800,0.013,0.013,0.013,0.013,0.0
2021-03-12 00:00:00,1615507200,0.013,0.013,0.013,0.013,0.0
2021-03-13 00:00:00,1615593600,0.013,0.013,0.013,0.013,0.0
2021-03-14 00:00:00,1615680000,0.01285,0.01239,0.01239,0.01239,6.48
2021-03-15 00:00:00,1615766400,0.013,0.013,0.013,0.013,0.0
2021-03-16 00:00:00,1615852800,0.013,0.013,0.013,0.013,0.0
2021-03-17 00:00:00,1615939200,0.013,0.013,0.013,0.013,0.0
2021-03-18 00:00:00,1616025600,0.013,0.013,0.013,0.013,0.0
2021-03-19 00:00:00,1616112000,0.013,0.013,0.013,0.013,0.0
2021-03-20 00:00:00,1616198400,0.013,0.013,0.013,0.013,0.0
2021-03-21 00:00:00,1616284800,0.013,0.013,0.013,0.013,0.0
2021-03-22 00:00:00,1616371200,0.001784,0.01206,0.001682,0.01206,0.226
2021-03-23 00:00:00,1616457600,0.013,0.013,0.013,0.013,0.0
2021-03-24 00:00:00,1616544000,0.013,0.013,0.013,0.013,0.0
2021-03-25 00:00:00,1616630400,0.01098,0.01078,0.01078,0.01078,5.939
2021-03-26 00:00:00,1616716800,0.01312,0.01312,0.01312,0.01312,0.1091
2021-03-27 00:00:00,1616803200,0.01312,0.01312,0.01312,0.01312,0.0
2021-03-28 00:00:00,1616889600,0.01173,0.01227,0.01171,0.01171,44.52
2021-03-29 00:00:00,1616976000,0.01312,0.01312,0.01312,0.01312,0.0
2021-03-30 00:00:00,1617062400,0.01312,0.01312,0.01312,0.01312,0.0
2021-03-31 00:00:00,1617148800,0.01312,0.01312,0.009621,0.009621,0.2758
2021-04-01 00:00:00,1617235200,0.009621,0.009621,0.009399,0.009399,0.2767
2021-04-02 00:00:00,1617321600,0.009399,0.009621,0.009399,0.009621,0.3763
2021-04-03 00:00:00,1617408000,0.009621,0.009621,0.009621,0.009621,0.0
2021-04-04 00:00:00,1617494400,0.009621,0.009621,0.009621,0.009621,0.0
2021-04-05 00:00:00,1617580800,0.009621,0.009621,0.009621,0.009621,0.0
2021-04-06 00:00:00,1617667200,0.01242,0.01276,0.01218,0.01218,34.11
2021-04-07 00:00:00,1617753600,0.009621,0.01708,0.009621,0.0098,135.44
2021-04-08 00:00:00,1617840000,0.0098,0.01708,0.0098,0.0165,13.11
2021-04-09 00:00:00,1617926400,0.0165,0.01708,0.0165,0.01708,4.422
2021-04-10 00:00:00,1618012800,0.01708,0.01892,0.008787,0.01892,19.71
2021-04-11 00:00:00,1618099200,0.01892,0.01892,0.01091,0.01091,6.569
2021-04-12 00:00:00,1618185600,0.01091,0.01091,0.01091,0.01091,0.0
2021-04-13 00:00:00,1618272000,0.01317,0.01398,0.01335,0.01335,54.63
2021-04-14 00:00:00,1618358400,0.01335,0.01511,0.01322,0.01511,16.49
2021-04-15 00:00:00,1618444800,0.01511,0.01581,0.01265,0.01581,108.13
2021-04-16 00:00:00,1618531200,0.01581,0.01658,0.01535,0.01658,14.06
2021-04-17 00:00:00,1618617600,0.008787,0.008787,0.008787,0.008787,0.0
2021-04-18 00:00:00,1618704000,0.008787,0.008787,0.008787,0.008787,0.0
2021-04-19 00:00:00,1618790400,0.008787,0.015,0.008787,0.015,1.05
2021-04-20 00:00:00,1618876800,0.015,0.015,0.015,0.015,0.0
2021-04-21 00:00:00,1618963200,0.015,0.015,0.015,0.015,0.0
2021-04-22 00:00:00,1619049600,0.015,0.015,0.015,0.015,1.939
2021-04-23 00:00:00,1619136000,0.015,0.015,0.015,0.015,2.763
2021-04-24 00:00:00,1619222400,0.015,0.015,0.015,0.015,0.0
2021-04-25 00:00:00,1619308800,0.01353,0.01326,0.009824,0.01032,52.14
2021-04-26 00:00:00,1619395200,0.01032,0.01135,0.01135,0.01135,5.52
2021-04-27 00:00:00,1619481600,0.015,0.015,0.015,0.015,0.0
2021-04-28 00:00:00,1619568000,0.015,0.01892,0.015,0.01892,0.4306
2021-04-29 00:00:00,1619654400,0.01152,0.01232,0.01125,0.01232,14.33
2021-04-30 00:00:00,1619740800,0.01892,0.01892,0.01892,0.01892,0.0
2021-05-01 00:00:00,1619827200,0.01892,0.01892,0.0135,0.0135,2.863
2021-05-02 00:00:00,1619913600,0.0135,0.0135,0.012,0.012,0.2831
2021-05-03 00:00:00,1620000000,0.012,0.01892,0.0091,0.01892,10.2
2021-05-04 00:00:00,1620086400,0.01892,0.01892,0.01892,0.01892,3.311
2021-05-05 00:00:00,1620172800,0.01892,0.01892,0.01892,0.01892,1.135
2021-05-06 00:00:00,1620259200,0.01892,0.01892,0.01892,0.01892,0.0
2021-05-07 00:00:00,1620345600,0.01892,0.01892,0.01892,0.01892,0.0
2021-05-08 00:00:00,1620432000,0.01892,0.01892,0.01892,0.01892,3.028
2021-05-09 00:00:00,1620518400,0.01892,0.01892,0.01,0.01,2.081
2021-05-10 00:00:00,1620604800,0.01341,0.01676,0.01285,0.01676,25.3
2021-05-11 00:00:00,1620691200,0.01,0.01892,0.01,0.01892,5.732
2021-05-12 00:00:00,1620777600,0.01892,0.01892,0.01892,0.01892,0.0
2021-05-13 00:00:00,1620864000,0.01892,0.01892,0.0111,0.0111,9.603
2021-05-14 00:00:00,1620950400,0.0111,0.0111,0.01,0.01,0.1355
2021-05-15 00:00:00,1621036800,0.01,0.01,0.01,0.01,0.0
2021-05-16 00:00:00,1621123200,0.01,0.01,0.01,0.01,0.0
2021-05-17 00:00:00,1621209600,0.01,0.01,0.01,0.01,4.651
2021-05-18 00:00:00,1621296000,0.01,0.01,0.01,0.01,0.0
2021-05-19 00:00:00,1621382400,0.01,0.01,0.01,0.01,0.0
2021-05-20 00:00:00,1621468800,0.01,0.01,0.01,0.01,0.0
2021-05-21 00:00:00,1621555200,0.01,0.01,0.01,0.01,0.0
2021-05-22 00:00:00,1621641600,0.01,0.01,0.01,0.01,0.0
2021-05-23 00:00:00,1621728000,0.01,0.01,0.01,0.01,0.0
2021-05-24 00:00:00,1621814400,0.01,0.01,0.01,0.01,0.0
2021-05-25 00:00:00,1621900800,0.01,0.01,0.01,0.01,0.0
2021-05-26 00:00:00,1621987200,0.01,0.01,0.01,0.01,0.0
2021-05-27 00:00:00,1622073600,0.01,0.01892,0.01,0.01892,1.8
2021-05-28 00:00:00,1622160000,0.01892,0.01892,0.01892,0.01892,0.0
2021-05-29 00:00:00,1622246400,0.01892,0.01892,0.01892,0.01892,0.0
2021-05-30 00:00:00,1622332800,0.01892,0.01892,0.01892,0.01892,0.0
2021-05-31 00:00:00,1622419200,0.01892,0.01892,0.01892,0.01892,0.0
2021-06-01 00:00:00,1622505600,0.01892,0.01892,0.009657,0.009657,12.39
2021-06-02 00:00:00,1622592000,0.009657,0.009657,0.009657,0.009657,1.791
2021-06-03 00:00:00,1622678400,0.009657,0.009657,0.009657,0.009657,0.0
2021-06-04 00:00:00,1622764800,0.009657,0.009657,0.009566,0.009566,1.0
2021-06-05 00:00:00,1622851200,0.009566,0.009566,0.009566,0.009566,0.0
2021-06-06 00:00:00,1622937600,0.009566,0.009566,0.009566,0.009566,0.0
2021-06-07 00:00:00,1623024000,0.009566,0.009566,0.009566,0.009566,0.0
2021-06-08 00:00:00,1623110400,0.01007,0.01002,0.002005,0.009689,196.89
2021-06-09 00:00:00,1623196800,0.009689,0.01084,0.0101,0.0101,11.06
2021-06-10 00:00:00,1623283200,0.008787,0.009566,0.0077,0.0077,15.99
2021-06-11 00:00:00,1623369600,0.0077,0.009566,0.0077,0.009566,11.72
2021-06-12 00:00:00,1623456000,0.009566,0.009566,0.009566,0.009566,0.0
2021-06-13 00:00:00,1623542400,0.009566,0.009566,0.009566,0.009566,0.0
2021-06-14 00:00:00,1623628800,0.009566,0.009566,0.009566,0.009566,0.0
2021-06-15 00:00:00,1623715200,0.009566,0.009566,0.009566,0.009566,0.0
2021-06-16 00:00:00,1623801600,0.01205,0.02569,0.0115,0.02569,633.06
2021-06-17 00:00:00,1623888000,0.02569,0.02552,0.01447,0.01447,35.96
2021-06-18 00:00:00,1623974400,0.01447,0.01362,0.008599,0.008599,3.673
2021-06-19 00:00:00,1624060800,0.01722,0.01722,0.01722,0.01722,0.0
2021-06-20 00:00:00,1624147200,0.008524,0.01032,0.006764,0.006764,286.42
2021-06-21 00:00:00,1624233600,0.006764,0.006014,0.005381,0.005381,9.493
2021-06-22 00:00:00,1624320000,0.01722,0.01722,0.01722,0.01722,0.0
2021-06-23 00:00:00,1624406400,0.01722,0.01722,0.01722,0.01722,0.0
2021-06-24 00:00:00,1624492800,0.01722,0.01722,0.01722,0.01722,0.0
2021-06-25 00:00:00,1624579200,0.01722,0.01722,0.01722,0.01722,0.0
2021-06-26 00:00:00,1624665600,0.01722,0.01722,0.01722,0.01722,0.0
2021-06-27 00:00:00,1624752000,0.005492,0.008331,0.005901,0.008331,47.65
2021-06-28 00:00:00,1624838400,0.01722,0.01722,0.01722,0.01722,0.0
2021-06-29 00:00:00,1624924800,0.01722,0.01722,0.01722,0.01722,0.0
2021-06-30 00:00:00,1625011200,0.01722,0.01722,0.01722,0.01722,0.0
2021-07-01 00:00:00,1625097600,0.01722,0.01722,0.01722,0.01722,0.0
2021-07-02 00:00:00,1625184000,0.01722,0.01722,0.01722,0.01722,0.0
2021-07-03 00:00:00,1625270400,0.01722,0.01722,0.01722,0.01722,0.0
2021-07-04 00:00:00,1625356800,0.01722,0.01722,0.01023,0.01023,1.601
2021-07-05 00:00:00,1625443200,0.01023,0.01023,0.01023,0.01023,0.0
2021-07-06 00:00:00,1625529600,0.01023,0.01023,0.01023,0.01023,0.0
2021-07-07 00:00:00,1625616000,0.01023,0.01023,0.01023,0.01023,0.0
2021-07-08 00:00:00,1625702400,0.01023,0.01023,0.01023,0.01023,0.0
2021-07-09 00:00:00,1625788800,0.01023,0.01023,0.01023,0.01023,0.0
2021-07-10 00:00:00,1625875200,0.01023,0.01023,0.01023,0.01023,0.0
2021-07-11 00:00:00,1625961600,0.01023,0.01023,0.01023,0.01023,0.0
2021-07-12 00:00:00,1626048000,0.01023,0.01023,0.01023,0.01023,0.0
2021-07-13 00:00:00,1626134400,0.008603,0.008512,0.008512,0.008512,8.512
2021-07-14 00:00:00,1626220800,0.008512,0.008533,0.008533,0.008533,8.21
2021-07-15 00:00:00,1626307200,0.01023,0.01023,0.01023,0.01023,0.0
2021-07-16 00:00:00,1626393600,0.01023,0.01023,0.01023,0.01023,0.0
2021-07-17 00:00:00,1626480000,0.01023,0.01023,0.01023,0.01023,0.0
2021-07-18 00:00:00,1626566400,0.01023,0.01023,0.007936,0.007936,1.195
2021-07-19 00:00:00,1626652800,0.007936,0.007936,0.007936,0.007936,0.0
2021-07-20 00:00:00,1626739200,0.007936,0.007936,0.007936,0.007936,0.0
2021-07-21 00:00:00,1626825600,0.007936,0.007936,0.007936,0.007936,0.0
2021-07-22 00:00:00,1626912000,0.007936,0.007936,0.007936,0.007936,0.0
2021-07-23 00:00:00,1626998400,0.007936,0.007936,0.007936,0.007936,0.0
2021-07-24 00:00:00,1627084800,0.007936,0.007936,0.007936,0.007936,0.0
2021-07-25 00:00:00,1627171200,0.007936,0.007936,0.007936,0.007936,0.0
2021-07-26 00:00:00,1627257600,0.009196,0.00969,0.007081,0.007081,58.39
2021-07-27 00:00:00,1627344000,0.007936,0.007936,0.007936,0.007936,0.0
2021-07-28 00:00:00,1627430400,0.007936,0.007936,0.007936,0.007936,0.0
2021-07-29 00:00:00,1627516800,0.007936,0.007936,0.007936,0.007936,0.0
2021-07-30 00:00:00,1627603200,0.007936,0.007936,0.007936,0.007936,0.0
2021-07-31 00:00:00,1627689600,0.007936,0.007936,0.007936,0.007936,0.0
2021-08-01 00:00:00,1627776000,0.007936,0.007936,0.007936,0.007936,0.0
2021-08-02 00:00:00,1627862400,0.007936,0.021,0.004236,0.004548,71.54
2021-08-03 00:00:00,1627948800,0.004548,0.007303,0.004548,0.007303,7.439
2021-08-04 00:00:00,1628035200,0.007303,0.007773,0.007303,0.007773,1.211
2021-08-05 00:00:00,1628121600,0.007773,0.007777,0.007303,0.007303,1.437
2021-08-06 00:00:00,1628208000,0.007303,0.007303,0.007303,0.007303,0.0
2021-08-07 00:00:00,1628294400,0.007303,0.007303,0.007303,0.007303,0.0
2021-08-08 00:00:00,1628380800,0.007303,0.007303,0.007303,0.007303,0.7029
2021-08-09 00:00:00,1628467200,0.007303,0.007303,0.007303,0.007303,0.0
2021-08-10 00:00:00,1628553600,0.007303,0.007303,0.007303,0.007303,0.0
2021-08-11 00:00:00,1628640000,0.007303,0.007313,0.007303,0.007313,0.6599
2021-08-12 00:00:00,1628726400,0.007313,0.007313,0.007313,0.007313,0.0
2021-08-13 00:00:00,1628812800,0.007313,0.007313,0.007313,0.007313,0.0
2021-08-14 00:00:00,1628899200,0.007313,0.007313,0.007313,0.007313,0.0
2021-08-15 00:00:00,1628985600,0.007303,0.007303,0.007303,0.007303,10.22
2021-08-16 00:00:00,1629072000,0.007303,0.007303,0.007303,0.007303,0.0
2021-08-17 00:00:00,1629158400,0.007303,0.007303,0.007303,0.007303,0.0
2021-08-18 00:00:00,1629244800,0.007303,0.007303,0.007303,0.007303,0.0
2021-08-19 00:00:00,1629331200,0.007601,0.01076,0.007949,0.007949,11.22
2021-08-20 00:00:00,1629417600,0.007303,0.007303,0.007303,0.007303,0.0
2021-08-21 00:00:00,1629504000,0.008387,0.008796,0.008308,0.008796,5.148
2021-08-22 00:00:00,1629590400,0.007303,0.007303,0.007303,0.007303,0.0
2021-08-23 00:00:00,1629676800,0.007303,0.008018,0.007303,0.008018,2.799
2021-08-24 00:00:00,1629763200,0.008018,0.008068,0.008018,0.008068,0.6499
2021-08-25 00:00:00,1629849600,0.008068,0.008078,0.008068,0.008078,0.4032
2021-08-26 00:00:00,1629936000,0.008078,0.008078,0.008078,0.008078,1.792
2021-08-27 00:00:00,1630022400,0.008078,0.008078,0.008078,0.008078,0.0
2021-08-28 00:00:00,1630108800,0.008078,0.008078,0.008078,0.008078,0.0
2021-08-29 00:00:00,1630195200,0.008078,0.008078,0.008078,0.008078,0.0
2021-08-30 00:00:00,1630281600,0.008078,0.009,0.008078,0.009,0.5232
2021-08-31 00:00:00,1630368000,0.009,0.009,0.009,0.009,0.0
2021-09-01 00:00:00,1630454400,0.009,0.009,0.009,0.009,0.0
2021-09-02 00:00:00,1630540800,0.0127,0.01281,0.008378,0.008378,112.87
2021-09-03 00:00:00,1630627200,0.009,0.01032,0.009,0.01032,1.137
2021-09-04 00:00:00,1630713600,0.01032,0.01032,0.01032,0.01032,0.0
2021-09-05 00:00:00,1630800000,0.01032,0.01032,0.01032,0.01032,0.0
2021-09-06 00:00:00,1630886400,0.01032,0.01032,0.01032,0.01032,0.0
2021-09-07 00:00:00,1630972800,0.008958,0.008903,0.007966,0.008903,18.93
2021-09-08 00:00:00,1631059200,0.01032,0.01032,0.01032,0.01032,0.0
2021-09-09 00:00:00,1631145600,0.01032,0.01032,0.01032,0.01032,0.0
2021-09-10 00:00:00,1631232000,0.01032,0.01032,0.01032,0.01032,0.0
2021-09-11 00:00:00,1631318400,0.01032,0.01032,0.01032,0.01032,0.0
2021-09-12 00:00:00,1631404800,0.01032,0.01032,0.01032,0.01032,0.0
2021-09-13 00:00:00,1631491200,0.01032,0.01032,0.01032,0.01032,0.0
2021-09-14 00:00:00,1631577600,0.01032,0.01032,0.01032,0.01032,0.0
2021-09-15 00:00:00,1631664000,0.01032,0.01032,0.01032,0.01032,0.0
2021-09-16 00:00:00,1631750400,0.01032,0.01032,0.01032,0.01032,0.0
2021-09-17 00:00:00,1631836800,0.01032,0.01032,0.01032,0.01032,0.0
2021-09-18 00:00:00,1631923200,0.01032,0.01032,0.01032,0.01032,0.0
2021-09-19 00:00:00,1632009600,0.01032,0.01032,0.01032,0.01032,0.0
2021-09-20 00:00:00,1632096000,0.01032,0.01032,0.01032,0.01032,0.0
2021-09-21 00:00:00,1632182400,0.01032,0.01032,0.01032,0.01032,0.0
2021-09-22 00:00:00,1632268800,0.01032,0.01032,0.01032,0.01032,0.0
2021-09-23 00:00:00,1632355200,0.01032,0.01032,0.01032,0.01032,0.0
2021-09-24 00:00:00,1632441600,0.01032,0.01032,0.01032,0.01032,0.0
2021-09-25 00:00:00,1632528000,0.01032,0.01032,0.01032,0.01032,0.0
2021-09-26 00:00:00,1632614400,0.01032,0.01032,0.0068,0.0068,33.52
2021-09-27 00:00:00,1632700800,0.0068,0.0068,0.0068,0.0068,0.0
2021-09-28 00:00:00,1632787200,0.0068,0.0068,0.0068,0.0068,0.0
2021-09-29 00:00:00,1632873600,0.005748,0.007892,0.005816,0.007892,3.941
2021-09-30 00:00:00,1632960000,0.0068,0.0068,0.0068,0.0068,0.0
2021-10-01 00:00:00,1633046400,0.0068,0.0068,0.0068,0.0068,0.0
2021-10-02 00:00:00,1633132800,0.0068,0.0068,0.0068,0.0068,0.0
2021-10-03 00:00:00,1633219200,0.0068,0.0068,0.0068,0.0068,0.0
2021-10-04 00:00:00,1633305600,0.009164,0.009363,0.007392,0.007392,40.6
2021-10-05 00:00:00,1633392000,0.0068,0.0068,0.0068,0.0068,0.0
2021-10-06 00:00:00,1633478400,0.0068,0.0068,0.0068,0.0068,0.0
2021-10-07 00:00:00,1633564800,0.0068,0.0068,0.0068,0.0068,0.0
2021-10-08 00:00:00,1633651200,0.008069,0.008092,0.006474,0.006474,16.26
2021-10-09 00:00:00,1633737600,0.0068,0.0068,0.0068,0.0068,0.0
2021-10-10 00:00:00,1633824000,0.0068,0.0068,0.0068,0.0068,0.0
2021-10-11 00:00:00,1633910400,0.0068,0.0068,0.0068,0.0068,0.0
2021-10-12 00:00:00,1633996800,0.0068,0.0068,0.0068,0.0068,0.0
2021-10-13 00:00:00,1634083200,0.0068,0.0068,0.0068,0.0068,0.0
2021-10-14 00:00:00,1634169600,0.0068,0.0068,0.0068,0.0068,0.0
2021-10-15 00:00:00,1634256000,0.0068,0.0068,0.0068,0.0068,0.0
2021-10-16 00:00:00,1634342400,0.0068,0.0068,0.0068,0.0068,0.0
2021-10-17 00:00:00,1634428800,0.007305,0.007382,0.006767,0.006767,97.31
2021-10-18 00:00:00,1634515200,0.0068,0.0068,0.006,0.006,5.001
2021-10-19 00:00:00,1634601600,0.006,0.006,0.006,0.006,0.0
2021-10-20 00:00:00,1634688000,0.006,0.006,0.006,0.006,0.0
2021-10-21 00:00:00,1634774400,0.006,0.006,0.006,0.006,0.0
2021-10-22 00:00:00,1634860800,0.006,0.01293,0.006,0.01293,0.9139
2021-10-23 00:00:00,1634947200,0.01293,0.01293,0.01293,0.01293,0.0
2021-10-24 00:00:00,1635033600,0.01293,0.01293,0.01293,0.01293,0.0
2021-10-25 00:00:00,1635120000,0.01293,0.01293,0.01293,0.01293,0.0
2021-10-26 00:00:00,1635206400,0.01293,0.01293,0.01293,0.01293,0.0
2021-10-27 00:00:00,1635292800,0.01293,0.01293,0.01293,0.01293,0.0
2021-10-28 00:00:00,1635379200,0.01293,0.01293,0.01293,0.01293,0.0
2021-10-29 00:00:00,1635465600,0.01293,0.01293,0.01293,0.01293,0.0
2021-10-30 00:00:00,1635552000,0.005698,0.005578,0.005578,0.005578,1.836
2021-10-31 00:00:00,1635638400,0.01293,0.01293,0.01293,0.01293,0.52
2021-11-01 00:00:00,1635724800,0.01293,0.01293,0.01293,0.01293,0.0
2021-11-02 00:00:00,1635811200,0.01293,0.01293,0.01293,0.01293,0.0
2021-11-03 00:00:00,1635897600,0.01293,0.01293,0.01293,0.01293,0.0
2021-11-04 00:00:00,1635984000,0.01293,0.01293,0.01293,0.01293,0.0
2021-11-05 00:00:00,1636070400,0.01293,0.01293,0.01293,0.01293,0.0
2021-11-06 00:00:00,1636156800,0.01293,0.01293,0.01293,0.01293,0.0
2021-11-07 00:00:00,1636243200,0.01293,0.01293,0.01293,0.01293,0.0
2021-11-08 00:00:00,1636329600,0.01293,0.01293,0.01293,0.01293,0.0
2021-11-09 00:00:00,1636416000,0.01293,0.01293,0.01293,0.01293,0.0
2021-11-10 00:00:00,1636502400,0.01293,0.01293,0.01293,0.01293,0.0
2021-11-11 00:00:00,1636588800,0.01293,0.01293,0.01293,0.01293,0.0
2021-11-12 00:00:00,1636675200,0.01293,0.01293,0.01293,0.01293,1.957
2021-11-13 00:00:00,1636761600,0.01293,0.01293,0.01293,0.01293,0.0
2021-11-14 00:00:00,1636848000,0.01293,0.01293,0.01293,0.01293,0.0
2021-11-15 00:00:00,1636934400,0.01293,0.01293,0.01293,0.01293,0.0
2021-11-16 00:00:00,1637020800,0.01293,0.01293,0.01293,0.01293,0.0
2021-11-17 00:00:00,1637107200,0.01293,0.01293,0.01293,0.01293,0.0
2021-11-18 00:00:00,1637193600,0.01293,0.01293,0.01293,0.01293,0.0
2021-11-19 00:00:00,1637280000,0.01293,0.01293,0.01293,0.01293,0.0
2021-11-20 00:00:00,1637366400,0.01293,0.01293,0.01293,0.01293,0.0
2021-11-21 00:00:00,1637452800,0.01293,0.01293,0.01293,0.01293,0.0
2021-11-22 00:00:00,1637539200,0.01293,0.01293,0.01293,0.01293,0.0
2021-11-23 00:00:00,1637625600,0.01293,0.01293,0.01293,0.01293,0.0
2021-11-24 00:00:00,1637712000,0.01293,0.01293,0.005502,0.005502,0.2652
2021-11-25 00:00:00,1637798400,0.005502,0.005502,0.005502,0.005502,0.0
2021-11-26 00:00:00,1637884800,0.005502,0.005502,0.005502,0.005502,0.0
2021-11-27 00:00:00,1637971200,0.005502,0.005502,0.005502,0.005502,0.0
2021-11-28 00:00:00,1638057600,0.005502,0.005502,0.005502,0.005502,0.0
2021-11-29 00:00:00,1638144000,0.005502,0.005502,0.005502,0.005502,0.0
2021-11-30 00:00:00,1638230400,0.005502,0.005502,0.005502,0.005502,0.0
2021-12-01 00:00:00,1638316800,0.005502,0.005503,0.005502,0.005503,6.026
2021-12-02 00:00:00,1638403200,0.005503,0.005503,0.005503,0.005503,0.0
2021-12-03 00:00:00,1638489600,0.005503,0.005503,0.005503,0.005503,0.0
2021-12-04 00:00:00,1638576000,0.005503,0.005503,0.005503,0.005503,0.0
2021-12-05 00:00:00,1638662400,0.005503,0.005503,0.005503,0.005503,0.0
2021-12-06 00:00:00,1638748800,0.005503,0.005503,0.005503,0.005503,0.0
2021-12-07 00:00:00,1638835200,0.005503,0.005503,0.005503,0.005503,0.0
2021-12-08 00:00:00,1638921600,0.00556,0.005728,0.005683,0.005683,5.22
2021-12-09 00:00:00,1639008000,0.005556,0.005235,0.003808,0.003808,34.27
2021-12-10 00:00:00,1639094400,0.005503,0.005505,0.005503,0.005505,0.6072
2021-12-11 00:00:00,1639180800,0.005505,0.005505,0.005505,0.005505,0.0
2021-12-12 00:00:00,1639267200,0.005505,0.005505,0.005505,0.005505,0.0
2021-12-13 00:00:00,1639353600,0.005505,0.005506,0.0055,0.0055,6.0
2021-12-14 00:00:00,1639440000,0.0055,0.0055,0.0055,0.0055,0.0
2021-12-15 00:00:00,1639526400,0.0055,0.0055,0.0055,0.0055,0.0
2021-12-16 00:00:00,1639612800,0.0055,0.0055,0.0055,0.0055,0.0
2021-12-17 00:00:00,1639699200,0.0055,0.0055,0.0055,0.0055,0.0
2021-12-18 00:00:00,1639785600,0.0055,0.0055,0.0055,0.0055,0.0
2021-12-19 00:00:00,1639872000,0.0055,0.0055,0.0055,0.0055,0.0
2021-12-20 00:00:00,1639958400,0.0055,0.0055,0.0055,0.0055,0.0
2021-12-21 00:00:00,1640044800,0.0055,0.0055,0.0055,0.0055,0.0
2021-12-22 00:00:00,1640131200,0.0055,0.0055,0.0055,0.0055,0.0
2021-12-23 00:00:00,1640217600,0.0055,0.0055,0.0055,0.0055,0.0
2021-12-24 00:00:00,1640304000,0.0055,0.0055,0.002211,0.002211,3.814
2021-12-25 00:00:00,1640390400,0.002211,0.002211,0.002211,0.002211,0.0
2021-12-26 00:00:00,1640476800,0.002211,0.002211,0.002211,0.002211,0.0
2021-12-27 00:00:00,1640563200,0.002211,0.002211,0.002211,0.002211,0.0
2021-12-28 00:00:00,1640649600,0.002211,0.002211,0.002211,0.002211,0.0
2021-12-29 00:00:00,1640736000,0.002211,0.002211,0.002211,0.002211,0.0
2021-12-30 00:00:00,1640822400,0.002211,0.002211,0.002211,0.002211,0.0
2021-12-31 00:00:00,1640908800,0.002211,0.002211,0.002211,0.002211,0.0
