datetime,timestamp,open,high,low,close,volume
2021-01-01 00:00:00,1609459200,0.03578,0.03695,0.03501,0.03652,143617.97
2021-01-02 00:00:00,1609545600,0.03652,0.03964,0.03607,0.03671,171654.78
2021-01-03 00:00:00,1609632000,0.03671,0.03698,0.03478,0.03561,193876.6
2021-01-04 00:00:00,1609718400,0.03561,0.03693,0.0327,0.03521,184748.9
2021-01-05 00:00:00,1609804800,0.03521,0.03775,0.0337,0.03613,177868.81
2021-01-06 00:00:00,1609891200,0.03613,0.03831,0.0352,0.03793,307273.58
2021-01-07 00:00:00,1609977600,0.03793,0.04041,0.03696,0.03865,309843.07
2021-01-08 00:00:00,1610064000,0.03865,0.04952,0.03789,0.04374,758561.86
2021-01-09 00:00:00,1610150400,0.04374,0.04403,0.03864,0.04296,297017.37
2021-01-10 00:00:00,1610236800,0.04296,0.04343,0.0385,0.04006,219627.77
2021-01-11 00:00:00,1610323200,0.04006,0.04013,0.03425,0.03635,230918.67
2021-01-12 00:00:00,1610409600,0.03635,0.03889,0.0356,0.03735,195275.6
2021-01-13 00:00:00,1610496000,0.03735,0.03963,0.03635,0.03933,166276.57
2021-01-14 00:00:00,1610582400,0.03933,0.04083,0.03883,0.04025,422884.41
2021-01-15 00:00:00,1610668800,0.04025,0.04783,0.0382,0.04075,330641.1
2021-01-16 00:00:00,1610755200,0.04075,0.04711,0.04059,0.04342,330401.81
2021-01-17 00:00:00,1610841600,0.04342,0.04686,0.04029,0.04368,172508.41
2021-01-18 00:00:00,1610928000,0.04368,0.04565,0.04187,0.04447,152727.87
2021-01-19 00:00:00,1611014400,0.04447,0.04551,0.04316,0.04347,90565.48
2021-01-20 00:00:00,1611100800,0.04347,0.04409,0.04067,0.0439,128092.73
2021-01-21 00:00:00,1611187200,0.0439,0.04572,0.03956,0.03973,201006.97
2021-01-22 00:00:00,1611273600,0.03973,0.04732,0.03677,0.04699,472286.07
2021-01-23 00:00:00,1611360000,0.04699,0.04732,0.04202,0.04399,185313.82
2021-01-24 00:00:00,1611446400,0.04399,0.04419,0.04237,0.0439,97376.48
2021-01-25 00:00:00,1611532800,0.0439,0.04459,0.04255,0.04323,184059.2
2021-01-26 00:00:00,1611619200,0.04323,0.04327,0.04042,0.04256,129705.73
2021-01-27 00:00:00,1611705600,0.04256,0.04261,0.03796,0.03954,159851.11
2021-01-28 00:00:00,1611792000,0.03954,0.04269,0.03916,0.04202,215712.68
2021-01-29 00:00:00,1611878400,0.04202,0.04728,0.03408,0.04201,193914.78
2021-01-30 00:00:00,1611964800,0.04201,0.05007,0.04039,0.04118,122167.94
2021-01-31 00:00:00,1612051200,0.04118,0.04123,0.03958,0.04057,162403.41
2021-02-01 00:00:00,1612137600,0.04057,0.04171,0.0388,0.0403,188577.99
2021-02-02 00:00:00,1612224000,0.0403,0.0431,0.03931,0.04239,401107.74
2021-02-03 00:00:00,1612310400,0.04239,0.04607,0.04149,0.04475,846787.31
2021-02-04 00:00:00,1612396800,0.04475,0.04604,0.04253,0.04373,200418.72
2021-02-05 00:00:00,1612483200,0.04373,0.0472,0.04339,0.0472,358408.17
2021-02-06 00:00:00,1612569600,0.0472,0.04908,0.04528,0.04702,356565.77
2021-02-07 00:00:00,1612656000,0.04702,0.04774,0.04343,0.04494,362881.67
2021-02-08 00:00:00,1612742400,0.04494,0.04813,0.04365,0.04767,286295.73
2021-02-09 00:00:00,1612828800,0.04767,0.05351,0.04728,0.05016,498920.86
2021-02-10 00:00:00,1612915200,0.05016,0.05265,0.04909,0.0514,710555.81
2021-02-11 00:00:00,1613001600,0.0514,0.06663,0.0506,0.06288,2000314.45
2021-02-12 00:00:00,1613088000,0.06288,0.06611,0.05885,0.06385,634908.33
2021-02-13 00:00:00,1613174400,0.06385,0.07662,0.06039,0.06801,1748402.46
2021-02-14 00:00:00,1613260800,0.06801,0.07001,0.06113,0.06344,1106606.4
2021-02-15 00:00:00,1613347200,0.06344,0.07658,0.05693,0.07601,1020373.29
2021-02-16 00:00:00,1613433600,0.07601,0.08048,0.06836,0.07241,916888.4
2021-02-17 00:00:00,1613520000,0.07241,0.07774,0.06679,0.07575,480272.41
2021-02-18 00:00:00,1613606400,0.07575,0.09175,0.07513,0.08172,3409265.97
2021-02-19 00:00:00,1613692800,0.08172,0.08687,0.07349,0.08634,3246713.24
2021-02-20 00:00:00,1613779200,0.08634,0.08706,0.07899,0.08064,1325467.51
2021-02-21 00:00:00,1613865600,0.08064,0.1037,0.07786,0.09587,2356962.36
2021-02-22 00:00:00,1613952000,0.09587,0.1104,0.07363,0.1101,2452902.49
2021-02-23 00:00:00,1614038400,0.1101,0.1101,0.06756,0.07947,1815728.97
2021-02-24 00:00:00,1614124800,0.07947,0.08788,0.07273,0.0805,1393370.63
2021-02-25 00:00:00,1614211200,0.0805,0.0855,0.07507,0.07514,486878.76
2021-02-26 00:00:00,1614297600,0.07514,0.07807,0.06999,0.07529,515890.17
2021-02-27 00:00:00,1614384000,0.07529,0.0822,0.07489,0.08081,431860.23
2021-02-28 00:00:00,1614470400,0.08081,0.08193,0.06692,0.07224,502369.7
2021-03-01 00:00:00,1614556800,0.07224,0.07848,0.07079,0.07794,299033.51
2021-03-02 00:00:00,1614643200,0.07794,0.08327,0.07456,0.08183,585842.85
2021-03-03 00:00:00,1614729600,0.08183,0.1036,0.07953,0.1008,1700665.85
2021-03-04 00:00:00,1614816000,0.1008,0.1482,0.09503,0.1171,8404422.31
2021-03-05 00:00:00,1614902400,0.1171,0.1344,0.1093,0.1157,2822367.45
2021-03-06 00:00:00,1614988800,0.1157,0.1172,0.1052,0.1135,1256612.23
2021-03-07 00:00:00,1615075200,0.1135,0.1277,0.1113,0.1245,2219431.63
2021-03-08 00:00:00,1615161600,0.1245,0.1706,0.123,0.1657,7718514.8
2021-03-09 00:00:00,1615248000,0.1657,0.208,0.1642,0.1735,10090897.87
2021-03-10 00:00:00,1615334400,0.1735,0.1824,0.1557,0.1695,5703390.98
2021-03-11 00:00:00,1615420800,0.1695,0.1981,0.1615,0.1857,6131373.9
2021-03-12 00:00:00,1615507200,0.1857,0.2663,0.1746,0.2478,16448552.82
2021-03-13 00:00:00,1615593600,0.2478,0.3277,0.2323,0.2854,24761560.87
2021-03-14 00:00:00,1615680000,0.2854,0.308,0.2611,0.2745,10584078.43
2021-03-15 00:00:00,1615766400,0.2745,0.296,0.2491,0.2803,7305649.78
2021-03-16 00:00:00,1615852800,0.2803,0.2812,0.2419,0.2505,5811858.9
2021-03-17 00:00:00,1615939200,0.2505,0.2634,0.198,0.2496,7443496.95
2021-03-18 00:00:00,1616025600,0.2496,0.2515,0.2216,0.2405,3224479.28
2021-03-19 00:00:00,1616112000,0.2405,0.2517,0.2318,0.242,1767193.99
2021-03-20 00:00:00,1616198400,0.242,0.2428,0.2022,0.2145,2463451.76
2021-03-21 00:00:00,1616284800,0.2145,0.2457,0.2067,0.2299,2938417.5
2021-03-22 00:00:00,1616371200,0.2299,0.2452,0.2137,0.2152,2938574.21
2021-03-23 00:00:00,1616457600,0.2152,0.2375,0.1961,0.2289,2722280.23
2021-03-24 00:00:00,1616544000,0.2289,0.2471,0.208,0.2147,3393178.66
2021-03-25 00:00:00,1616630400,0.2147,0.2347,0.2052,0.2238,2346082.15
2021-03-26 00:00:00,1616716800,0.2238,0.2375,0.2164,0.2371,2187368.39
2021-03-27 00:00:00,1616803200,0.2371,0.2548,0.2234,0.2531,2168622.23
2021-03-28 00:00:00,1616889600,0.2531,0.2723,0.2393,0.269,3639865.34
2021-03-29 00:00:00,1616976000,0.269,0.2864,0.2549,0.2752,2647762.52
2021-03-30 00:00:00,1617062400,0.2752,0.319,0.2652,0.2988,4433037.36
2021-03-31 00:00:00,1617148800,0.2988,0.3431,0.2985,0.3118,4821429.05
2021-04-01 00:00:00,1617235200,0.3118,0.3147,0.2786,0.3075,3330349.78
2021-04-02 00:00:00,1617321600,0.3075,0.3092,0.2885,0.3088,2465564.29
2021-04-03 00:00:00,1617408000,0.3088,0.3088,0.2492,0.2615,2133157.95
2021-04-04 00:00:00,1617494400,0.2615,0.2845,0.2565,0.282,1545254.99
2021-04-05 00:00:00,1617580800,0.282,0.283,0.2451,0.2482,1567992.46
2021-04-06 00:00:00,1617667200,0.2482,0.2934,0.2163,0.233,4627042.85
2021-04-07 00:00:00,1617753600,0.233,0.2336,0.1765,0.2003,2817841.17
2021-04-08 00:00:00,1617840000,0.2003,0.2334,0.1982,0.2281,2682722.38
2021-04-09 00:00:00,1617926400,0.2281,0.2489,0.2245,0.2453,2467854.04
2021-04-10 00:00:00,1618012800,0.2453,0.2625,0.2368,0.2511,3176023.93
2021-04-11 00:00:00,1618099200,0.2511,0.2514,0.216,0.2433,1828390.84
2021-04-12 00:00:00,1618185600,0.2433,0.2871,0.2308,0.2593,6638426.05
2021-04-13 00:00:00,1618272000,0.2593,0.2696,0.247,0.2599,8423280.62
2021-04-14 00:00:00,1618358400,0.2599,0.2644,0.2239,0.2421,4095292.38
2021-04-15 00:00:00,1618444800,0.2421,0.2536,0.2394,0.2507,3540987.45
2021-04-16 00:00:00,1618531200,0.2507,0.2513,0.2203,0.2397,2206149.26
2021-04-17 00:00:00,1618617600,0.2397,0.2395,0.2246,0.2374,1353201.13
2021-04-18 00:00:00,1618704000,0.2374,0.2527,0.1907,0.2091,1503823.3
2021-04-19 00:00:00,1618790400,0.2091,0.2223,0.1927,0.2048,1233135.36
2021-04-20 00:00:00,1618876800,0.2048,0.2264,0.1778,0.2178,3274808.62
2021-04-21 00:00:00,1618963200,0.2178,0.2247,0.2048,0.2083,1945993.93
2021-04-22 00:00:00,1619049600,0.2083,0.2088,0.1704,0.1791,2190532.81
2021-04-23 00:00:00,1619136000,0.1791,0.1955,0.1217,0.1713,2131344.23
2021-04-24 00:00:00,1619222400,0.1713,0.1732,0.1527,0.1651,1517497.74
2021-04-25 00:00:00,1619308800,0.1651,0.1877,0.1601,0.1734,1840327.65
2021-04-26 00:00:00,1619395200,0.1734,0.2002,0.1731,0.1999,2563426.01
2021-04-27 00:00:00,1619481600,0.1999,0.2302,0.1953,0.2272,3435520.22
2021-04-28 00:00:00,1619568000,0.2272,0.255,0.225,0.2394,5070137.51
2021-04-29 00:00:00,1619654400,0.2394,0.2623,0.2301,0.2528,3163072.6
2021-04-30 00:00:00,1619740800,0.2528,0.2721,0.2457,0.2683,2895519.86
2021-05-01 00:00:00,1619827200,0.2683,0.2798,0.254,0.2664,2459714.34
2021-05-02 00:00:00,1619913600,0.2664,0.2908,0.2552,0.2803,3964087.61
2021-05-03 00:00:00,1620000000,0.2803,0.3075,0.2716,0.2779,3359355.71
2021-05-04 00:00:00,1620086400,0.2779,0.2963,0.251,0.2612,1531962.52
2021-05-05 00:00:00,1620172800,0.2612,0.2789,0.2373,0.2746,1224317.59
2021-05-06 00:00:00,1620259200,0.2746,0.2751,0.2407,0.2432,1153800.34
2021-05-07 00:00:00,1620345600,0.2432,0.2581,0.2318,0.2383,1016128.88
2021-05-08 00:00:00,1620432000,0.2383,0.2577,0.2361,0.2518,1577690.32
2021-05-09 00:00:00,1620518400,0.2518,0.2549,0.2248,0.2399,1339431.4
2021-05-10 00:00:00,1620604800,0.2399,0.2558,0.2151,0.2285,1529692.61
2021-05-11 00:00:00,1620691200,0.2285,0.2621,0.2197,0.2505,1366497.29
2021-05-12 00:00:00,1620777600,0.2505,0.2614,0.2071,0.2082,1641735.73
2021-05-13 00:00:00,1620864000,0.2082,0.2218,0.1812,0.1865,1263634.55
2021-05-14 00:00:00,1620950400,0.1865,0.2081,0.1853,0.1984,1385403.63
2021-05-15 00:00:00,1621036800,0.1984,0.203,0.1882,0.1886,914585.03
2021-05-16 00:00:00,1621123200,0.1886,0.1987,0.1764,0.1831,959391.68
2021-05-17 00:00:00,1621209600,0.1831,0.1843,0.1611,0.1695,1592073.62
2021-05-18 00:00:00,1621296000,0.1695,0.1914,0.1611,0.178,1707810.16
2021-05-19 00:00:00,1621382400,0.178,0.1799,0.1033,0.1299,964217.84
2021-05-20 00:00:00,1621468800,0.1299,0.1645,0.1107,0.1522,1310978.69
2021-05-21 00:00:00,1621555200,0.1522,0.1698,0.1295,0.1594,2201826.54
2021-05-22 00:00:00,1621641600,0.1594,0.1934,0.1467,0.1702,7607504.66
2021-05-23 00:00:00,1621728000,0.1702,0.1706,0.1088,0.1354,1919190.74
2021-05-24 00:00:00,1621814400,0.1354,0.1559,0.1128,0.1482,1388844.33
2021-05-25 00:00:00,1621900800,0.1482,0.1516,0.1322,0.1471,924703.34
2021-05-26 00:00:00,1621987200,0.1471,0.1633,0.1397,0.1611,3528123.76
2021-05-27 00:00:00,1622073600,0.1611,0.1634,0.1438,0.1555,954578.44
2021-05-28 00:00:00,1622160000,0.1555,0.1749,0.1451,0.1493,1609367.52
2021-05-29 00:00:00,1622246400,0.1493,0.1551,0.1376,0.1446,1692398.11
2021-05-30 00:00:00,1622332800,0.1446,0.1518,0.136,0.1487,555553.37
2021-05-31 00:00:00,1622419200,0.1487,0.1574,0.1375,0.152,1043918.77
2021-06-01 00:00:00,1622505600,0.152,0.1552,0.1396,0.1494,935350.84
2021-06-02 00:00:00,1622592000,0.1494,0.1624,0.1463,0.1577,933352.27
2021-06-03 00:00:00,1622678400,0.1577,0.1644,0.1539,0.1613,755662.39
2021-06-04 00:00:00,1622764800,0.1613,0.1687,0.1523,0.1578,997491.96
2021-06-05 00:00:00,1622851200,0.1578,0.1667,0.1551,0.1596,605412.24
2021-06-06 00:00:00,1622937600,0.1596,0.1638,0.1551,0.1633,707692.44
2021-06-07 00:00:00,1623024000,0.1633,0.1811,0.148,0.1526,1256893.64
2021-06-08 00:00:00,1623110400,0.1526,0.1575,0.1401,0.1536,994136.57
2021-06-09 00:00:00,1623196800,0.1536,0.1553,0.1455,0.1526,951135.53
2021-06-10 00:00:00,1623283200,0.1526,0.1548,0.1425,0.1445,792042.95
2021-06-11 00:00:00,1623369600,0.1445,0.1588,0.1421,0.1471,885292.67
2021-06-12 00:00:00,1623456000,0.1471,0.1484,0.136,0.1427,520290.74
2021-06-13 00:00:00,1623542400,0.1427,0.1531,0.1381,0.1504,642234.68
2021-06-14 00:00:00,1623628800,0.1504,0.1571,0.1471,0.1512,639703.25
2021-06-15 00:00:00,1623715200,0.1512,0.155,0.1482,0.1523,787070.29
2021-06-16 00:00:00,1623801600,0.1523,0.1565,0.1406,0.1438,1151942.18
2021-06-17 00:00:00,1623888000,0.1438,0.1484,0.1391,0.1416,554029.73
2021-06-18 00:00:00,1623974400,0.1416,0.1448,0.131,0.1382,720521.79
2021-06-19 00:00:00,1624060800,0.1382,0.145,0.1353,0.1383,832005.9
2021-06-20 00:00:00,1624147200,0.1383,0.145,0.1323,0.141,637865.8
2021-06-21 00:00:00,1624233600,0.141,0.142,0.1101,0.1116,577619.78
2021-06-22 00:00:00,1624320000,0.1116,0.12,0.07828,0.08968,1619202.62
2021-06-23 00:00:00,1624406400,0.09296,0.105,0.08801,0.09374,63562.2
2021-06-24 00:00:00,1624492800,0.09374,0.108,0.09116,0.1,29179.01
2021-06-25 00:00:00,1624579200,0.1,0.1035,0.09001,0.09499,38407.54
2021-06-26 00:00:00,1624665600,0.09499,0.108,0.0885,0.09309,43916.62
2021-06-27 00:00:00,1624752000,0.09309,0.09999,0.08975,0.09423,27193.25
2021-06-28 00:00:00,1624838400,0.09423,0.1017,0.09245,0.1017,32081.74
2021-06-29 00:00:00,1624924800,0.1017,0.1087,0.1009,0.1087,46520.04
2021-06-30 00:00:00,1625011200,0.1087,0.1184,0.1059,0.1184,62050.36
2021-07-01 00:00:00,1625097600,0.1184,0.1193,0.1099,0.1187,66239.83
2021-07-02 00:00:00,1625184000,0.1187,0.1187,0.1091,0.1155,43373.44
2021-07-03 00:00:00,1625270400,0.1155,0.1184,0.1101,0.1168,51893.01
2021-07-04 00:00:00,1625356800,0.1168,0.127,0.1147,0.127,109368.99
2021-07-05 00:00:00,1625443200,0.127,0.1453,0.1263,0.1345,108334.81
2021-07-06 00:00:00,1625529600,0.1345,0.1369,0.1296,0.1322,32667.69
2021-07-07 00:00:00,1625616000,0.1322,0.1446,0.1312,0.1407,97523.73
2021-07-08 00:00:00,1625702400,0.1407,0.1513,0.1275,0.1296,98294.99
2021-07-09 00:00:00,1625788800,0.1296,0.1364,0.1184,0.1315,37305.5
2021-07-10 00:00:00,1625875200,0.1315,0.1364,0.1267,0.1293,24525.0
2021-07-11 00:00:00,1625961600,0.1293,0.1325,0.1245,0.1325,12960.66
2021-07-12 00:00:00,1626048000,0.1325,0.1335,0.1248,0.1283,29748.89
2021-07-13 00:00:00,1626134400,0.1283,0.1296,0.1222,0.128,63193.24
2021-07-14 00:00:00,1626220800,0.128,0.1352,0.1183,0.1352,91833.16
2021-07-15 00:00:00,1626307200,0.1352,0.1393,0.1267,0.1283,77216.49
2021-07-16 00:00:00,1626393600,0.1283,0.1302,0.12,0.1245,15701.12
2021-07-17 00:00:00,1626480000,0.1245,0.1257,0.1193,0.1233,17161.87
2021-07-18 00:00:00,1626566400,0.1233,0.1276,0.1214,0.1233,20874.84
2021-07-19 00:00:00,1626652800,0.1233,0.1236,0.1125,0.1149,36149.56
2021-07-20 00:00:00,1626739200,0.1149,0.1149,0.09753,0.1053,83074.09
2021-07-21 00:00:00,1626825600,0.1053,0.1187,0.1043,0.1158,20954.19
2021-07-22 00:00:00,1626912000,0.1158,0.1253,0.1147,0.1205,90003.13
2021-07-23 00:00:00,1626998400,0.1205,0.1296,0.1139,0.1296,112180.87
2021-07-24 00:00:00,1627084800,0.1296,0.1379,0.1296,0.1345,24711.62
2021-07-25 00:00:00,1627171200,0.1345,0.1378,0.13,0.1362,30639.12
2021-07-26 00:00:00,1627257600,0.1362,0.1433,0.1345,0.139,103571.63
2021-07-27 00:00:00,1627344000,0.139,0.1976,0.139,0.1547,312565.57
2021-07-28 00:00:00,1627430400,0.1547,0.1547,0.1453,0.1501,113581.35
2021-07-29 00:00:00,1627516800,0.1501,0.1547,0.1446,0.152,83370.01
2021-07-30 00:00:00,1627603200,0.152,0.1578,0.1417,0.1547,177013.89
2021-07-31 00:00:00,1627689600,0.1547,0.1582,0.1494,0.1555,75612.46
2021-08-01 00:00:00,1627776000,0.1555,0.1555,0.149,0.1498,34598.14
2021-08-02 00:00:00,1627862400,0.1498,0.1555,0.1472,0.1551,84582.44
2021-08-03 00:00:00,1627948800,0.1551,0.1555,0.148,0.1555,75881.24
2021-08-04 00:00:00,1628035200,0.1555,0.171,0.1502,0.1691,133461.16
2021-08-05 00:00:00,1628121600,0.1691,0.1712,0.161,0.1712,151582.66
2021-08-06 00:00:00,1628208000,0.1712,0.1775,0.1659,0.1775,138695.27
2021-08-07 00:00:00,1628294400,0.1775,0.1883,0.1743,0.1875,117783.28
2021-08-08 00:00:00,1628380800,0.1875,0.1875,0.1718,0.1746,80140.96
2021-08-09 00:00:00,1628467200,0.1746,0.1802,0.1632,0.1785,118388.98
2021-08-10 00:00:00,1628553600,0.1785,0.1852,0.1722,0.1852,109315.35
2021-08-11 00:00:00,1628640000,0.1852,0.1965,0.1811,0.1884,72765.02
2021-08-12 00:00:00,1628726400,0.1802,0.1803,0.174,0.1769,96932.0
2021-08-13 00:00:00,1628812800,0.1769,0.1869,0.1766,0.1869,64120.58
2021-08-14 00:00:00,1628899200,0.1869,0.1892,0.1828,0.1863,56451.08
2021-08-15 00:00:00,1628985600,0.1863,0.1928,0.1825,0.1928,44652.51
2021-08-16 00:00:00,1629072000,0.1928,0.1932,0.1847,0.187,37263.16
2021-08-17 00:00:00,1629158400,0.187,0.1894,0.1788,0.1788,36229.74
2021-08-18 00:00:00,1629244800,0.1788,0.1788,0.1688,0.1705,55033.03
2021-08-19 00:00:00,1629331200,0.1705,0.181,0.1618,0.179,90611.55
2021-08-20 00:00:00,1629417600,0.179,0.1875,0.11,0.18,390011.91
2021-08-21 00:00:00,1629504000,0.18,0.1872,0.1788,0.1856,58869.54
2021-08-22 00:00:00,1629590400,0.1856,0.1866,0.1802,0.1843,123257.33
2021-08-23 00:00:00,1629676800,0.1843,0.499,0.1825,0.3917,4430529.68
2021-08-24 00:00:00,1629763200,0.3917,0.4664,0.3233,0.3297,376740.79
2021-08-25 00:00:00,1629849600,0.3297,0.3774,0.2976,0.3474,472617.48
2021-08-26 00:00:00,1629936000,0.3474,0.4076,0.327,0.3768,400172.86
2021-08-27 00:00:00,1630022400,0.3768,0.41,0.363,0.3864,419922.93
2021-08-28 00:00:00,1630108800,0.3864,0.3897,0.3671,0.3763,130259.19
2021-08-29 00:00:00,1630195200,0.3763,0.3854,0.35,0.3598,353810.61
2021-08-30 00:00:00,1630281600,0.3598,0.3616,0.338,0.3423,95047.5
2021-08-31 00:00:00,1630368000,0.3423,0.3534,0.3338,0.342,75247.39
2021-09-01 00:00:00,1630454400,0.342,0.35,0.3342,0.3486,242742.41
2021-09-02 00:00:00,1630540800,0.3486,0.3762,0.3412,0.3647,191562.86
2021-09-03 00:00:00,1630627200,0.3647,0.3647,0.3539,0.3579,175751.21
2021-09-04 00:00:00,1630713600,0.3579,0.3762,0.3506,0.3757,555405.07
2021-09-05 00:00:00,1630800000,0.3757,0.3757,0.3565,0.3615,64836.72
2021-09-06 00:00:00,1630886400,0.3615,0.3621,0.3488,0.3543,52654.36
2021-09-07 00:00:00,1630972800,0.3543,0.3569,0.2569,0.2801,232116.32
2021-09-08 00:00:00,1631059200,0.2801,0.3357,0.2467,0.2824,247520.3
2021-09-09 00:00:00,1631145600,0.2824,0.3146,0.2751,0.3023,122053.06
2021-09-10 00:00:00,1631232000,0.3023,0.3072,0.269,0.2751,76899.03
2021-09-11 00:00:00,1631318400,0.2751,0.3284,0.2751,0.3233,110577.14
2021-09-12 00:00:00,1631404800,0.3233,0.324,0.2953,0.3088,61281.93
2021-09-13 00:00:00,1631491200,0.3088,0.3088,0.2676,0.2824,118590.54
2021-09-14 00:00:00,1631577600,0.2824,0.2865,0.2779,0.2858,110514.23
2021-09-15 00:00:00,1631664000,0.2858,0.2917,0.2795,0.2912,76189.15
2021-09-16 00:00:00,1631750400,0.2912,0.3,0.2785,0.2834,94474.19
2021-09-17 00:00:00,1631836800,0.2834,0.2871,0.2784,0.2862,45652.16
2021-09-18 00:00:00,1631923200,0.2862,0.2906,0.2803,0.2864,64470.58
2021-09-19 00:00:00,1632009600,0.2864,0.2906,0.272,0.272,70154.31
2021-09-20 00:00:00,1632096000,0.272,0.288,0.22,0.233,129494.02
2021-09-21 00:00:00,1632182400,0.233,0.251,0.1973,0.2,93045.83
2021-09-22 00:00:00,1632268800,0.2,0.2304,0.1925,0.2281,71523.81
2021-09-23 00:00:00,1632355200,0.2281,0.2696,0.2208,0.2568,44170.93
2021-09-24 00:00:00,1632441600,0.2568,0.2568,0.2166,0.231,128122.71
2021-09-25 00:00:00,1632528000,0.231,0.2384,0.2202,0.2292,50362.88
2021-09-26 00:00:00,1632614400,0.2292,0.2292,0.2,0.2148,54040.8
2021-09-27 00:00:00,1632700800,0.2148,0.2287,0.2068,0.2068,18606.08
2021-09-28 00:00:00,1632787200,0.2068,0.2071,0.195,0.195,33131.63
2021-09-29 00:00:00,1632873600,0.195,0.2243,0.1937,0.1981,36643.64
2021-09-30 00:00:00,1632960000,0.1981,0.2834,0.1981,0.2343,282384.11
2021-10-01 00:00:00,1633046400,0.2343,0.272,0.2337,0.262,156510.28
2021-10-02 00:00:00,1633132800,0.262,0.2736,0.2535,0.2659,69426.45
2021-10-03 00:00:00,1633219200,0.2659,0.3137,0.2612,0.2932,365872.12
2021-10-04 00:00:00,1633305600,0.2932,0.3074,0.2597,0.3012,401083.78
2021-10-05 00:00:00,1633392000,0.3012,0.3071,0.2896,0.3048,133219.88
2021-10-06 00:00:00,1633478400,0.3048,0.3431,0.2873,0.3041,157570.14
2021-10-07 00:00:00,1633564800,0.3041,0.306,0.2916,0.2953,138416.01
2021-10-08 00:00:00,1633651200,0.2953,0.2961,0.2813,0.2916,84449.44
2021-10-09 00:00:00,1633737600,0.2916,0.2947,0.276,0.2799,53097.48
2021-10-10 00:00:00,1633824000,0.2799,0.2845,0.2695,0.2734,50908.0
2021-10-11 00:00:00,1633910400,0.2734,0.325,0.2664,0.2727,98572.9
2021-10-12 00:00:00,1633996800,0.2727,0.2859,0.2556,0.2812,230949.93
2021-10-13 00:00:00,1634083200,0.2812,0.2893,0.2738,0.2889,203877.15
2021-10-14 00:00:00,1634169600,0.2889,0.325,0.2846,0.2886,144340.62
2021-10-15 00:00:00,1634256000,0.2886,0.2886,0.2677,0.2718,98411.3
2021-10-16 00:00:00,1634342400,0.2718,0.281,0.2693,0.281,140643.06
2021-10-17 00:00:00,1634428800,0.281,0.281,0.2684,0.2754,55681.88
2021-10-18 00:00:00,1634515200,0.2754,0.2932,0.2698,0.2897,113846.59
2021-10-19 00:00:00,1634601600,0.2897,0.295,0.2824,0.2939,58944.84
2021-10-20 00:00:00,1634688000,0.2939,0.3089,0.28,0.2964,103484.26
2021-10-21 00:00:00,1634774400,0.2964,0.3,0.2852,0.2867,97888.91
2021-10-22 00:00:00,1634860800,0.2867,0.3069,0.2857,0.3051,146874.66
2021-10-23 00:00:00,1634947200,0.3051,0.31,0.2969,0.3074,79660.37
2021-10-24 00:00:00,1635033600,0.3074,0.33,0.3011,0.3127,128174.25
2021-10-25 00:00:00,1635120000,0.3127,0.3152,0.2995,0.3078,94400.1
2021-10-26 00:00:00,1635206400,0.3078,0.3271,0.3059,0.3179,108244.82
2021-10-27 00:00:00,1635292800,0.3179,0.3357,0.2867,0.3126,266113.72
2021-10-28 00:00:00,1635379200,0.3126,0.3472,0.3116,0.3405,200895.09
2021-10-29 00:00:00,1635465600,0.3405,0.385,0.3405,0.3649,375266.11
2021-10-30 00:00:00,1635552000,0.3649,0.447,0.344,0.4148,358244.58
2021-10-31 00:00:00,1635638400,0.4148,0.6,0.3726,0.3918,1526273.66
2021-11-01 00:00:00,1635724800,0.3918,0.4845,0.3918,0.435,183451.06
2021-11-02 00:00:00,1635811200,0.435,0.5111,0.435,0.4771,298911.93
2021-11-03 00:00:00,1635897600,0.4771,0.495,0.4467,0.4583,278687.5
2021-11-04 00:00:00,1635984000,0.4583,0.4965,0.4412,0.4764,177511.8
2021-11-05 00:00:00,1636070400,0.4764,0.59,0.4759,0.5336,546088.86
2021-11-06 00:00:00,1636156800,0.5336,0.55,0.5,0.5215,245910.22
2021-11-07 00:00:00,1636243200,0.5215,0.5424,0.504,0.5081,268518.8
2021-11-08 00:00:00,1636329600,0.5081,0.5116,0.4723,0.4928,203648.55
2021-11-09 00:00:00,1636416000,0.4928,0.518,0.4746,0.498,281770.74
2021-11-10 00:00:00,1636502400,0.498,0.5366,0.47,0.4939,732824.48
2021-11-11 00:00:00,1636588800,0.4939,0.5611,0.4862,0.5418,267733.6
2021-11-12 00:00:00,1636675200,0.5418,0.58,0.5307,0.5738,183227.87
2021-11-13 00:00:00,1636761600,0.5738,0.6025,0.5583,0.5583,445869.01
2021-11-14 00:00:00,1636848000,0.5583,0.7993,0.5583,0.7925,842501.79
2021-11-15 00:00:00,1636934400,0.7925,0.8978,0.7014,0.728,1699586.56
2021-11-16 00:00:00,1637020800,0.728,0.8367,0.7014,0.811,739234.41
2021-11-17 00:00:00,1637107200,0.811,0.9795,0.76,0.9338,835981.38
2021-11-18 00:00:00,1637193600,0.9338,1.021,0.8346,0.8621,669607.18
2021-11-19 00:00:00,1637280000,0.8621,0.9424,0.8621,0.9149,648670.39
2021-11-20 00:00:00,1637366400,0.9149,0.935,0.8758,0.9017,475353.27
2021-11-21 00:00:00,1637452800,0.9017,0.9017,0.792,0.793,488966.93
2021-11-22 00:00:00,1637539200,0.793,0.8932,0.7526,0.7979,389020.58
2021-11-23 00:00:00,1637625600,0.7979,0.8015,0.7466,0.79,169650.83
2021-11-24 00:00:00,1637712000,0.79,0.905,0.7665,0.8861,653828.06
2021-11-25 00:00:00,1637798400,0.8861,0.9501,0.7686,0.839,477637.79
2021-11-26 00:00:00,1637884800,0.839,0.856,0.7,0.706,291144.32
2021-11-27 00:00:00,1637971200,0.706,0.9,0.6551,0.7044,206910.16
2021-11-28 00:00:00,1638057600,0.7044,0.79,0.6263,0.7821,229538.51
2021-11-29 00:00:00,1638144000,0.7821,0.7937,0.7221,0.7399,128067.3
2021-11-30 00:00:00,1638230400,0.7399,0.7422,0.6784,0.6793,516433.27
2021-12-01 00:00:00,1638316800,0.6793,0.8812,0.6463,0.6552,230345.0
2021-12-02 00:00:00,1638403200,0.6552,0.6559,0.6033,0.6298,159440.72
2021-12-03 00:00:00,1638489600,0.6298,0.6298,0.5593,0.5674,633049.4
2021-12-04 00:00:00,1638576000,0.5674,0.5877,0.4127,0.5193,487893.69
2021-12-05 00:00:00,1638662400,0.5193,0.5592,0.451,0.4649,127354.3
2021-12-06 00:00:00,1638748800,0.4649,0.523,0.4097,0.4879,224589.34
2021-12-07 00:00:00,1638835200,0.4879,0.523,0.4738,0.4835,206526.23
2021-12-08 00:00:00,1638921600,0.4835,0.728,0.4595,0.6666,466605.87
2021-12-09 00:00:00,1639008000,0.6666,0.7078,0.5611,0.5611,503894.05
2021-12-10 00:00:00,1639094400,0.5611,0.5854,0.5053,0.5193,275826.19
2021-12-11 00:00:00,1639180800,0.5193,0.5366,0.5002,0.5318,56913.84
2021-12-12 00:00:00,1639267200,0.5318,0.5391,0.5103,0.527,157804.57
2021-12-13 00:00:00,1639353600,0.527,0.53,0.4371,0.446,125124.49
2021-12-14 00:00:00,1639440000,0.446,0.52,0.4249,0.444,148796.39
2021-12-15 00:00:00,1639526400,0.444,0.483,0.4175,0.4656,156285.2
2021-12-16 00:00:00,1639612800,0.4656,0.505,0.4502,0.4527,57517.31
2021-12-17 00:00:00,1639699200,0.4527,0.4891,0.4524,0.4712,98163.26
2021-12-18 00:00:00,1639785600,0.4712,0.4848,0.4549,0.4759,34357.93
2021-12-19 00:00:00,1639872000,0.4759,0.505,0.4678,0.47,94774.57
2021-12-20 00:00:00,1639958400,0.47,0.505,0.4267,0.45,40896.98
2021-12-21 00:00:00,1640044800,0.45,0.671,0.4382,0.4584,91894.68
2021-12-22 00:00:00,1640131200,0.4584,0.593,0.4527,0.4595,72564.95
2021-12-23 00:00:00,1640217600,0.4595,0.4973,0.4471,0.4973,109480.12
2021-12-24 00:00:00,1640304000,0.4973,0.5232,0.4818,0.486,93709.37
2021-12-25 00:00:00,1640390400,0.486,0.5167,0.4818,0.5098,31052.95
2021-12-26 00:00:00,1640476800,0.5098,0.5098,0.4907,0.5032,57844.06
2021-12-27 00:00:00,1640563200,0.5032,0.518,0.4978,0.502,259631.98
2021-12-28 00:00:00,1640649600,0.502,0.5085,0.4487,0.4516,332993.97
2021-12-29 00:00:00,1640736000,0.4516,0.4812,0.4345,0.4426,96299.64
2021-12-30 00:00:00,1640822400,0.4426,0.4619,0.434,0.4516,359522.15
2021-12-31 00:00:00,1640908800,0.4516,0.4688,0.4404,0.4504,263998.24
